FID,globalid,uniq_id,timestamp,editor,scdy_edtor,wardname,wardcode,lganame,lgacode,statename,statecode,source,postoffc_n,x,y
1,f5f0044f-14e4-4170-a485-21793dc602c8,914,2/27/2019 12:00:00 AM,najib.adam, ,Ilisan 2,OGSIKE04,Ikenne,28012,Ogun,OG,GRID,Ilishan General Post Office,3.70791666712051,6.89528666734589
2,8b2b9830-3634-44da-b456-e9f1929e6056,915,2/27/2019 12:00:00 AM,racheal.olarewaju, ,Oke-Baale,OSSBOE09,Boripe,30006,Osun,OS,GRID,Ada Post Office,4.70816000008398,7.89606833268743
3,476ebfeb-af3f-4748-8d48-ff3708159ba5,916,2/27/2019 12:00:00 AM,racheal.olarewaju, ,Co-Op,OSSIDO07,Ifedayo,30015,Osun,OS,GRID,Ora Igbomina Post Office,5.05122666707706,8.03527666658493
4,f1be157c-044b-43a5-b43d-efaf144eec40,917,2/27/2019 12:00:00 AM,racheal.olarewaju, ,Iresi 2,OSSBOLUW06,Boluwaduro,30005,Osun,OS,GRID,Mrs Adelani Post Office,4.84582999955489,7.93686833280736
5,83e1a392-9040-4551-a761-6e3976b5835d,918,2/27/2019 12:00:00 AM,racheal.olarewaju, ,Iba 2 / 2,OSSIDN06,Ifelodun,30016,Osun,OS,GRID,Iba Post Office,4.70324500005677,7.96841999998304
6,9860b57c-6496-4552-a038-4eaddf3ec0c5,919,2/27/2019 12:00:00 AM,racheal.olarewaju, ,Osolo / Oparimo,OSSODN15,Odo Otin,30025,Osun,OS,GRID,Nigerian Postal Service Oyan Osun State,4.7720100001614,8.04723333305191
7,91bd7c4f-1a95-4f29-95ea-4bf31ec1af74,892,2/27/2019 12:00:00 AM,racheal.olarewaju, ,Ofeegun,OYSIJA09,Iwajowa,31018,Oyo,OY,GRID,Post Office Iganna,3.23366333289653,7.98069333303096
8,174dedc1-ae0f-4cb9-8186-c12b33b58664,893,2/27/2019 12:00:00 AM,najib.adam, ,Mowe,OGSOBE13,Obafemi Owode,28015,Ogun,OG,GRID,Police Station,3.43623333320181,6.80455833340039
9,1d175a10-aada-45b9-8cdb-332f2f70e719,894,2/27/2019 12:00:00 AM,najib.adam, ,Ajura,OGSOBE02,Obafemi Owode,28015,Ogun,OG,GRID,The Nigeria Police Station Ajura,3.60279166660217,6.96420833294826
10,6987c303-5313-400c-bf2e-9d637583e08e,895,2/27/2019 12:00:00 AM,racheal.olarewaju, ,Old Bodija,OYSIBN08,Ibadan North,31006,Oyo,OY,GRID,Secretariat Post Office,3.90995166703584,7.40845833308566
11,a477ddf3-dfa6-471e-81d8-d06cc32cb8fc,896,2/27/2019 12:00:00 AM,racheal.olarewaju, ,Beere / Mapo,OYSISE03,Ibadan South East,31009,Oyo,OY,GRID,Mapo Post Office,3.89650166731815,7.37535166704583
12,6c47cd5a-151c-4313-9f17-ab9fae5cb649,897,2/27/2019 12:00:00 AM,racheal.olarewaju, ,Beere / Mapo,OYSISE03,Ibadan South East,31009,Oyo,OY,GRID,Nipost Post Office,3.89620166697341,7.37522166734612
13,e266f840-05e8-4760-825f-dbe15aa6ad3d,794,2/27/2019 12:00:00 AM,najib.adam, ,Igbesa,OGSADO08,Ado Odo/Ota,28003,Ogun,OG,GRID,Post Office Igbesa,3.13276779359882,6.5310066642262
14,dffcd3a8-8044-4bba-a358-e5bea8353f4e,689,2/27/2019 12:00:00 AM,racheal.olarewaju, ,Umunaga,EBSBZR21,Ohaozara,11011,Ebonyi,EB,GRID,Court Post,7.72988333304943,6.03270499983591
15,96be7795-2ba2-4d0e-a1be-57e827e71e0b,676,2/27/2019 12:00:00 AM,racheal.olarewaju, ,Okpoto,EBSZLL26,Ishielu,11008,Ebonyi,EB,GRID,Ebia Post,7.86196500018468,6.35735333279013
16,cd11658a-2454-400b-a973-b845af4bd778,663,2/27/2019 12:00:00 AM,racheal.olarewaju, ,Umuhuali 1 / Umuhuali 2,EBSZLL29,Ishielu,11008,Ebonyi,EB,GRID,School Post,7.80356666696815,6.53075333329974
17,db72f3f8-a6a6-47fc-8231-a5c178e1d716,664,2/27/2019 12:00:00 AM,racheal.olarewaju, ,Umuhuali 1 / Umuhuali 2,EBSZLL29,Ishielu,11008,Ebonyi,EB,GRID,Ezekuna Post,7.7971549999034,6.53036499974502
18,7fc56303-8c01-4d88-bdc4-8fd259253a6e,665,2/27/2019 12:00:00 AM,racheal.olarewaju, ,Umuhuali 1 / Umuhuali 2,EBSZLL29,Ishielu,11008,Ebonyi,EB,GRID,Health Centre Post,7.76887499978147,6.51006833268747
19,ffc51cda-9649-4e28-b79c-5505246d81a1,666,2/27/2019 12:00:00 AM,racheal.olarewaju, ,Umuhuali 1 / Umuhuali 2,EBSZLL29,Ishielu,11008,Ebonyi,EB,GRID,Onunwankwo Post,7.77029999984518,6.51396333334122
20,9950eeff-5740-4234-a6f3-4ef0145d4c98,694,2/27/2019 12:00:00 AM,racheal.olarewaju, ,Umuhuali 1 / Umuhuali 2,EBSZLL29,Ishielu,11008,Ebonyi,EB,GRID,Azuoffia 2 Post,7.73992836460241,6.50961487472671
21,e02179b5-dc1d-418e-beec-b86489171fb0,695,2/27/2019 12:00:00 AM,racheal.olarewaju, ,Oke Oro,OYSSWT10,Saki West,31032,Oyo,OY,GRID,Nigeria Postal Service,3.39590649968528,8.66909280029256
22,8c7740d7-afc8-4ece-83a3-acfa57c85175,696,2/27/2019 12:00:00 AM,racheal.olarewaju, ,Ofiki,OYSATIB08,Atisbo,31004,Oyo,OY,GRID,Sando Quaters,3.33288170043016,8.44009169987208
23,ac75b71a-d7f7-4939-825a-3161a784c3cf,697,2/27/2019 12:00:00 AM,racheal.olarewaju, ,Ipapo,OYSIWU03,Itesiwaju,31017,Oyo,OY,GRID,Town Hall Post Office Ipapo,3.51081499991238,8.13111000032632
24,204f96e7-24af-405a-8f60-d622efd173c6,698,2/27/2019 12:00:00 AM,racheal.olarewaju, ,Igbojaiye,OYSIWU02,Itesiwaju,31017,Oyo,OY,GRID,Igboijaye Post Office Igboijaye,3.23983833257302,8.23579833322657
25,45866931-131a-4480-99e1-0fe2683e6b8f,699,2/27/2019 12:00:00 AM,racheal.olarewaju, ,Asipa 3,OYSATA09,Atiba,31003,Oyo,OY,GRID,Otefon Post Office,3.90518219979873,8.14193319995724
26,0a00baf3-5c07-4adf-bb8d-8e82a4dd5e9a,700,2/27/2019 12:00:00 AM,racheal.olarewaju, ,Ring Road / Challenge / Oluyole,OYSISW12,Ibadan South West,31010,Oyo,OY,GRID,College Crescent Post Office,3.88241666709558,7.35743666736835
27,1e50c9c5-1e4e-40b5-a647-cd45ebfa7086,701,2/27/2019 12:00:00 AM,racheal.olarewaju, ,Oke Oro,OYSSWT10,Saki West,31032,Oyo,OY,GRID,Saki Post Office,3.39552500007875,8.66941830001457
28,7c77d1e5-cbef-442b-9f23-87e75602552d,702,2/27/2019 12:00:00 AM,racheal.olarewaju, ,Idi Ayunre,OYSOYE05,Oluyole,31025,Oyo,OY,GRID,Postal Agency,3.91086666696316,7.08880333290756
29,c012b01c-12b3-4af9-8c2e-c4bc6db67483,703,2/27/2019 12:00:00 AM,racheal.olarewaju, ,Eleyele,OYSINW07,Ibadan North West,31008,Oyo,OY,GRID,Eleyele Post Office,3.86869833306167,7.40673166713276
30,124931db-f55b-4c8a-bfa0-9c1290378290,705,2/27/2019 12:00:00 AM,racheal.olarewaju, ,Kurra Falls,PLSBLD09,Barkin Ladi,32001,Plateau,PL,GRID,Kurra Post Office,8.74105344685915,9.40119687193811
31,80d3a654-20eb-42ca-82b2-f23bbec21e55,706,2/27/2019 12:00:00 AM,racheal.olarewaju, ,Bukuru,PLSBUU01,Jos South,32006,Plateau,PL,GRID,Nipost Bukuru Central,8.86595317759713,9.79526980555715
32,f4ac2033-e413-416b-aba3-383a8eb10d54,707,2/27/2019 12:00:00 AM,racheal.olarewaju, ,Turu A,PLSBUU16,Jos South,32006,Plateau,PL,GRID,Nigerian Postal Service Vom,8.79157000025538,9.7302282999961
33,29c191b1-2e57-4f47-8624-5320513b4188,708,2/27/2019 12:00:00 AM,racheal.olarewaju, ,Rakwok,PLSBLD15,Barkin Ladi,32001,Plateau,PL,GRID,Rakwok Post Office Gangare,8.89670378894874,9.54890270829338
34,f34fcd48-6f45-4537-9142-864e72690071,667,2/27/2019 12:00:00 AM,racheal.olarewaju, ,Izo 1 / Izo 2,EBSZLL12,Ishielu,11008,Ebonyi,EB,GRID,Ag Post,7.81676500040447,6.33195999995411
35,b2b67a59-df07-42e0-a003-2241ce623eea,668,2/27/2019 12:00:00 AM,racheal.olarewaju, ,Izo 1 / Izo 2,EBSZLL12,Ishielu,11008,Ebonyi,EB,GRID,Latalido Post,7.81670666677928,6.33199333332573
36,168e17d2-70a4-4841-9555-da869feedd2b,709,2/27/2019 12:00:00 AM,racheal.olarewaju, ,Pankshin,PLSPKN15,Pankshin,32013,Plateau,PL,GRID,Pankshin Post Office,9.44228893588576,9.3246750294291
37,614934eb-28a6-4fe6-8910-628c5d32c0f8,710,2/27/2019 12:00:00 AM,racheal.olarewaju, ,Mangu 1,PLSMGU15,Mangu,32011,Plateau,PL,GRID,Mangu Post Office,9.13882084670473,9.48323270522519
38,e05b47ef-3429-44dd-b3c0-703d1380ed76,711,2/27/2019 12:00:00 AM,racheal.olarewaju, ,Bajoga East,GMSFKY03,Funakaye,16005,Gombe,GO,GRID,Korago Post Office,11.4371099997268,10.8530883303622
39,44021260-f094-4d49-8dbc-93bc4965dd0c,712,2/27/2019 12:00:00 AM,racheal.olarewaju, ,Boh,GMSSHM02,Shomgom,16010,Gombe,GO,GRID,BOH Post Office,11.2554233302226,9.79514833322906
40,6ac97760-dae1-4b95-a0df-e62b1e0ee178,713,2/27/2019 12:00:00 AM,racheal.olarewaju, ,Olode,OSSISH10,Ife South,30014,Osun,OS,GRID,Olode Post Office,4.64207166657422,7.25942999959483
41,8d4ef650-dd0f-4243-b908-4c23421a0ef5,714,2/27/2019 12:00:00 AM,racheal.olarewaju, ,Apoti,OSSOIE01,Oriade,30028,Osun,OS,GRID,Ilupeju Adedeji Police Post office,4.86873833290781,7.42682166728616
42,12b564ba-5f4d-4de9-9842-6dc9253f0186,715,2/27/2019 12:00:00 AM,racheal.olarewaju, ,Ara 2,OSSEDE02,Egbedore,30009,Osun,OS,GRID,Ara Post Office,4.38221500032205,7.85402500005375
43,574dc6f6-f9bc-4e7e-93b9-c614c1b8dcc5,717,2/27/2019 12:00:00 AM,racheal.olarewaju, ,Oyere 2,OSSINH09,Ife North,30013,Osun,OS,GRID,Oyere Post Office,4.41748666727591,7.2511533328601
44,f56b8c9c-3a3d-4253-8804-6489883277c9,718,2/27/2019 12:00:00 AM,racheal.olarewaju, ,Ilaje,OSSIEW06,Ilesha West,30019,Osun,OS,GRID,Temidire Imadin Post Office,4.73418666698115,7.64476999993559
45,90fdef76-4476-4e9b-82f9-119ca10a7bcf,719,2/27/2019 12:00:00 AM,racheal.olarewaju, ,Ogbon Aare,OSSISH07,Ife South,30014,Osun,OS,GRID,Nigeria Postal Service Ifetedo,4.69816666695817,7.18153999957138
46,b259d38d-83bb-4aef-9122-a0a82b4fd8c8,723,2/27/2019 12:00:00 AM,racheal.olarewaju, ,Igede,CRSCKK06,Yala,9018,Cross River,CR,GRID,Opiriku Post Office,8.45688833323004,6.60711166736962
47,7c9cfa50-77f7-44df-a428-cd77345b5b21,726,2/27/2019 12:00:00 AM,racheal.olarewaju, ,Itigidi,CRSTGD10,Abi,9001,Cross River,CR,GRID,Post Office Itigidi,8.02133829992266,5.88533669972895
48,99c4e812-8231-4a6a-929b-1a5203253a7c,727,2/27/2019 12:00:00 AM,racheal.olarewaju, ,Alankwu,CRSBJE06,Boki,9007,Cross River,CR,GRID,Post Office Beteriko,9.1449515997366,6.48361000020139
49,0a0670a1-1d19-4683-a8d6-7994ae7f7e08,728,2/27/2019 12:00:00 AM,racheal.olarewaju, ,Urban 1,CRSGGJ04,Ogoja,9016,Cross River,CR,GRID,Ishibori Post Office,8.79267833283882,6.64858166691045
50,33e8a188-efc7-46da-b08d-a1007705ab1c,729,2/27/2019 12:00:00 AM,racheal.olarewaju, ,Urban 1,CRSGGJ04,Ogoja,9016,Cross River,CR,GRID,Nigeria Postal Service Ogoja,8.789440000056,6.64866833277739
51,f2a8ab02-168e-4c97-9487-dcab95ad5e73,730,2/27/2019 12:00:00 AM,racheal.olarewaju, ,Creek Town 1,CRSDUK03,Odukpani,9015,Cross River,CR,GRID,Creek Town Post Office,8.27648170027032,4.98813999986118
52,611752c3-f9e6-41de-bcf5-7f0c383b9c6f,731,2/27/2019 12:00:00 AM,racheal.olarewaju, ,Akpet-Abini,CRSAKP10,Biase,9006,Cross River,CR,GRID,Anekpe Post Office,8.08676670012318,5.64471169998501
53,81bd5951-938c-4be1-ac7a-b151a51da66e,732,2/27/2019 12:00:00 AM,racheal.olarewaju, ,Old Umuahia,ABSAPR10,Umuahia South,1017,Abia,AB,GRID,Old Umuahia Post Office,7.47454330043303,5.48672829977124
54,870fbbe3-e504-4a53-9614-7320bef794e8,733,2/27/2019 12:00:00 AM,racheal.olarewaju, ,Item 2,ABSBND08,Bende,1004,Abia,AB,GRID,Okoko Post Office Amigo,7.63209833287181,5.73655499991338
55,b3ab9702-2db9-4da2-81b8-8afec33d08b9,669,2/27/2019 12:00:00 AM,racheal.olarewaju, ,Izo 1 / Izo 2,EBSZLL12,Ishielu,11008,Ebonyi,EB,GRID,Aguenyi Post,7.81670333299246,6.33196333284161
56,f5e14f13-d219-43db-a963-34caf719d1a9,670,2/27/2019 12:00:00 AM,racheal.olarewaju, ,Izo 1 / Izo 2,EBSZLL12,Ishielu,11008,Ebonyi,EB,GRID,Ndiagu Echila Post,7.81533166722272,6.31683666677878
57,4c320a34-a32d-4839-9109-fbb813d5c242,671,2/27/2019 12:00:00 AM,racheal.olarewaju, ,Izo 1 / Izo 2,EBSZLL12,Ishielu,11008,Ebonyi,EB,GRID,Central School Ndiagu Okpoto Post,7.81526833336693,6.31810333310239
58,4ca6aa8c-403d-4674-b2f7-352097b6090c,672,2/27/2019 12:00:00 AM,racheal.olarewaju, ,Ezillo 2,EBSZLL08,Ishielu,11008,Ebonyi,EB,GRID,Azu Ngele Ngbo Okpoto Post,7.82720333336721,6.38735666687671
59,e777fff2-b867-4421-880e-35b2330f3ed5,673,2/27/2019 12:00:00 AM,racheal.olarewaju, ,Ezillo 2,EBSZLL08,Ishielu,11008,Ebonyi,EB,GRID,Ngbo Okpoto Post,7.82718666713106,6.38740333269772
60,c68a4fb0-465c-4866-8521-b79e73bbb31c,674,2/27/2019 12:00:00 AM,racheal.olarewaju, ,Iyonu,EBSZLL11,Ishielu,11008,Ebonyi,EB,GRID,Obodo Post,7.81625999959937,6.37212499956911
61,454b3b3b-a3be-42c2-a440-2d83e83e95bd,734,2/27/2019 12:00:00 AM,racheal.olarewaju, ,Mgboko Umuanunu 2,ABSNGK12,Obi Nwga,1009,Abia,AB,GRID,Nenu Postal Agency,7.51194833284933,5.2692833329595
62,b4e4ac5c-25b7-4431-a4ef-4fe73dfe02c6,735,2/27/2019 12:00:00 AM,racheal.olarewaju, ,Omaegwu,ABSAPR11,Umuahia South,1017,Abia,AB,GRID,Umueze Postal Agency,7.44482500017369,5.520500000075
63,1c37f562-47bf-4939-9acd-e0d754090773,736,2/27/2019 12:00:00 AM,racheal.olarewaju, ,Nsirimo,ABSAPR07,Umuahia South,1017,Abia,AB,GRID,Umumba Postal Agency,7.3922300002144,5.47030833306314
64,e2f85237-8987-4de4-b05d-ff2358da9ce2,737,2/27/2019 12:00:00 AM,racheal.olarewaju, ,Lekwesi,ABSUNC08,Umu-Nneochi,1015,Abia,AB,GRID,Ugwunagbo Post Office,7.45296666697817,5.96530333328224
65,fb4e0fa8-8e28-427c-8afe-a058e7dfd3cc,738,2/27/2019 12:00:00 AM,racheal.olarewaju, ,Ameke 1,ABSHAF03,Ohafia,1010,Abia,AB,GRID,Post Office Abiriba,7.7354916672067,5.72047333297797
66,2efbd354-ff24-4115-a812-44d35c67b532,739,2/27/2019 12:00:00 AM,racheal.olarewaju, ,Asa North / Umuiku Isi Asa,ABSKKE15,Ukwa West,1014,Abia,AB,GRID,Mkpukwe Post Office,7.2915050002556,5.06969833271194
67,0e3f6a4b-5bf8-435d-bdf2-708eee0e9617,740,2/27/2019 12:00:00 AM,racheal.olarewaju, ,Urban 2,ABSUMA18,Umuahia North,1016,Abia,AB,GRID,Nigeria Postal Service Umuage,7.48885666730138,5.54553333339669
68,7a772925-4368-4faa-b940-c542bdaf976a,741,2/27/2019 12:00:00 AM,racheal.olarewaju, ,Ubakala A,ABSAPR12,Umuahia South,1017,Abia,AB,GRID,Ubakala Post Office,7.43623666708856,5.47379833302671
69,a347fd9f-24d6-47f0-a516-00fea5841572,742,2/27/2019 12:00:00 AM,racheal.olarewaju, ,Ahiaukwu A / Amangwu,ABSAPR01,Umuahia South,1017,Abia,AB,GRID,Olokoro Post Office,7.50046500025962,5.47902833319108
70,5e9ea26e-898b-49df-aad6-520695e2150a,743,2/27/2019 12:00:00 AM,racheal.olarewaju, ,Oboro 3,ABSKWU12,Ikwuano,1005,Abia,AB,GRID,Nigerian Postal Service Oboro Head Office,7.56722000030283,5.43657000030532
71,1bccc505-12f5-475a-a527-5ad75be02077,744,2/27/2019 12:00:00 AM,racheal.olarewaju, ,Ugba Urban 4,ABSUMA15,Umuahia North,1016,Abia,AB,GRID,Nigerian Postal Service,7.49056999990563,5.52810166715824
72,ff8d0b1a-fa35-47f0-8fd6-c53003a91603,745,2/27/2019 12:00:00 AM,racheal.olarewaju, ,Ifaki 1,EKSIDO07,Ido-Osi,13008,Ekiti,EK,GRID,NIPOST,5.24234666726494,7.78897000016542
73,53de9ca5-cb42-45db-96a8-89ee3f7ca1c0,746,2/27/2019 12:00:00 AM,racheal.olarewaju, ,Ipoti A,EKSIJO10,Ijero,13009,Ekiti,EK,GRID,Post Office Ipoti Ekiti,5.07140999977173,7.8718700001005
74,153f8e2a-c498-4383-9108-f76e6dded6ef,747,2/27/2019 12:00:00 AM,racheal.olarewaju, ,Aisegba 2,EKSGBN03,Gbonyin,13007,Ekiti,EK,GRID,Afin Post Office,5.47972333286555,7.60381666720548
75,0338cf1d-e493-48d7-9164-653b842654f4,748,2/27/2019 12:00:00 AM,racheal.olarewaju, ,Igede B,EKSIPN06,Irepodun/Ifelodun,13013,Ekiti,EK,GRID,Igede Post Office Igede,5.12897611655461,7.66591278874427
76,3f1f43b4-7ba1-4e20-86fe-1f60670b503d,749,2/27/2019 12:00:00 AM,racheal.olarewaju, ,Awo,EKSIPN03,Irepodun/Ifelodun,13013,Ekiti,EK,GRID,Post Office Ijisun,5.14955499986343,7.7154749995716
77,c85b5872-eba7-4064-aa08-067505c1358b,750,2/27/2019 12:00:00 AM,racheal.olarewaju, ,Ofiki,OYSATIB08,Atisbo,31004,Oyo,OY,GRID,Ago Are Post Office,3.4199216673511,8.50213999996106
78,90b50922-2efd-4bb7-b86d-76b63b05b8ae,753,2/27/2019 12:00:00 AM,racheal.olarewaju, ,Lalupon 3,OYSLAU04,Lagelu,31020,Oyo,OY,GRID,Lalupon Post Office,4.06604166698941,7.46713333283708
79,532b2768-44e5-4447-bdd8-6785c19251ce,754,2/27/2019 12:00:00 AM,racheal.olarewaju, ,Awe 1,OYSAFO02,Afijio,31001,Oyo,OY,GRID,Awe Post Office,3.96182000039278,7.82562166690644
80,7d4c41a0-53bf-4361-b8a9-a31117d61c63,755,2/27/2019 12:00:00 AM,racheal.olarewaju, ,Igbope 2,OYSOLE05,Orelope,31027,Oyo,OY,GRID,Igbope Postal Agency,3.77869500017414,8.83678499982796
81,c82e3e6e-2191-4d75-99aa-5973c3782f3a,756,2/27/2019 12:00:00 AM,racheal.olarewaju, ,Kamang / Nafok,PLSBLD06,Barkin Ladi,32001,Plateau,PL,GRID,Durk Kamang Road,8.96460224639662,9.70941540769496
82,c41a2628-4e45-4d17-a2a2-d03c08c4c4e5,757,2/27/2019 12:00:00 AM,racheal.olarewaju, ,Ajiya,GMSGME01,Gombe,16006,Gombe,GO,GRID,Nigerian Postal Service Gombe,11.1444200001829,10.2854866699739
83,4f1833e1-ea6f-4e37-8bb3-13940e5161e0,758,2/27/2019 12:00:00 AM,racheal.olarewaju, ,Ipetu Ijesa 1,OSSOIE10,Oriade,30028,Osun,OS,GRID,Ipetu Ijesa Post Office,4.89210333300247,7.46873333287704
84,1eba6c42-b7f9-49a2-a538-977342611b53,761,2/27/2019 12:00:00 AM,racheal.olarewaju, ,Afugiri 2,ABSUMA03,Umuahia North,1016,Abia,AB,GRID,Nigeria Postal Service Afugiri,7.4767749995666,5.60134000034077
85,5b7d4a67-1dee-4d4e-b9bd-8b5693f053a9,762,2/27/2019 12:00:00 AM,racheal.olarewaju, ,Itapaosin,EKSOYE09,Oye,13016,Ekiti,EK,GRID,Post Office Ilupeju,5.35863155110525,7.79899946085646
86,a5e52674-ac7e-49c0-ab4c-cbe8d85ea583,763,2/27/2019 12:00:00 AM,racheal.olarewaju, ,Iye,EKSIME10,Ilejemeje,13012,Ekiti,EK,GRID,Iye Post Office Palace Road,5.23208574805886,7.95529389289891
87,d122f102-ba01-4e62-8688-a54b500bdc9c,766,2/27/2019 12:00:00 AM,racheal.olarewaju, ,Erinmo Jesa,OSSOIE04,Oriade,30028,Osun,OS,GRID,Post Office Erinmo Ijesa,4.85378999970879,7.62340999967182
88,d3805f6d-6eed-48a3-9689-efa6065b9433,767,2/27/2019 12:00:00 AM,racheal.olarewaju, ,Osu 1,OSSAMW09,Atakunmosa West,30004,Osun,OS,GRID,Osu Post Office Osu Ilesha Road,4.62233833304771,7.58592999976975
89,94e1da27-6809-4174-a51b-f9cb438ab9fb,675,2/27/2019 12:00:00 AM,racheal.olarewaju, ,Izo 1 / Izo 2,EBSZLL12,Ishielu,11008,Ebonyi,EB,GRID,Central School Post,7.76861333303896,6.37042666675734
90,217c7b65-b6b0-455b-a7b0-0c242b4d1143,677,2/27/2019 12:00:00 AM,racheal.olarewaju, ,Okpoto,EBSZLL26,Ishielu,11008,Ebonyi,EB,GRID,Ugwu Post,7.87367833258901,6.35699000038824
91,f0b25acd-d2a0-4bd1-9170-763ed79d2561,768,2/27/2019 12:00:00 AM,racheal.olarewaju, ,Eziama Agbor,ABSUNC05,Umu-Nneochi,1015,Abia,AB,GRID,Eziama Nneato Postal Service,7.30196166679752,5.96935999966428
92,a8aff98a-bade-4553-8f4d-5e3d6472c297,769,2/27/2019 12:00:00 AM,racheal.olarewaju, ,Jenta Adamu,PLSJJN08,Jos North,32005,Plateau,PL,GRID,Nigerian Postal Service,8.88993169968825,9.91427500009121
93,cff7f2a9-8345-44ff-b6f4-3c8ecc94acb1,771,2/27/2019 12:00:00 AM,racheal.olarewaju, ,Ughelli Urban 1,DTSUGH09,Ughelli North,10019,Delta,DE,GRID,Nigeria Portal Service Nipost Ughelli District Headquarters,5.99258329538281,5.49371880467913
94,1257424f-9bea-4684-98dd-b25264c1040c,772,2/27/2019 12:00:00 AM,racheal.olarewaju, ,Aga / Ijomu,LASIKU02,Ikorodu,25012,Lagos,LA,GRID,Ikorodu Post Office,3.50375135584045,6.61290477443583
95,92a25683-0688-42d5-888e-e3fa6a9383d6,773,2/27/2019 12:00:00 AM,racheal.olarewaju, ,Ipaja,LASAMO26,Alimosho,25003,Lagos,LA,GRID,Ipaja Post Office,3.25757367288674,6.60900437964847
96,39194247-e41c-4f94-93a4-1f47cbaa582a,774,2/27/2019 12:00:00 AM,racheal.olarewaju, ,Anifowoshe,LASIKA05,Ikeja,25011,Lagos,LA,GRID,Nigerian Postal Service 1,3.34042096715393,6.59181390258959
97,bc55ecb0-b2d2-4c23-8076-af4868f8a581,775,2/27/2019 12:00:00 AM,racheal.olarewaju, ,Ajao Estate,LASOIO04,Oshodi/Isolo,25016,Lagos,LA,GRID,Fedex,3.33264844866704,6.54811904056135
98,283c5081-2721-4fda-9ada-6a96f8b4b1fe,776,2/27/2019 12:00:00 AM,racheal.olarewaju, ,Oke-Oyinbo /  Aiyetoro,LASIKU25,Ikorodu,25012,Lagos,LA,GRID,Ijede Lcda Post Office,3.59093232027044,6.56438033988081
99,c3cdddc6-554a-4a9c-8e34-315313678c98,777,2/27/2019 12:00:00 AM,racheal.olarewaju, ,Amukoko,LASATO05,Ajeromi/Ifelodun,25002,Lagos,LA,GRID,Nigerian Postal Service 2,3.34066166800164,6.46500640941832
100,28de3d1c-6fd6-418a-b126-e19fab85ba13,778,2/27/2019 12:00:00 AM,racheal.olarewaju, ,Ajegunle,LASATO02,Ajeromi/Ifelodun,25002,Lagos,LA,GRID,Nigerian Postal Service Ajegunle,3.34289626834817,6.45678977602739
101,e26ffa6c-ed92-401d-931b-be69e6e8efd0,779,2/27/2019 12:00:00 AM,racheal.olarewaju, ,Kiehil,PLSTNK05,Mikang,32012,Plateau,PL,GRID,Post Office Garkawa,9.79332066171924,8.93673865036845
102,a93808f4-619a-4efb-9a0f-aa5714eb1a60,780,2/27/2019 12:00:00 AM,racheal.olarewaju, ,Gwara,RVSBRR09,Khana,33014,Rivers,RI,GRID,Bori Post Office,7.37866000035876,4.67356669984338
103,692fbe95-07a2-4b83-8e03-a68c68d254b8,781,2/27/2019 12:00:00 AM,racheal.olarewaju, ,Ijanikin,LASOJO06,Ojo,25015,Lagos,LA,GRID,Otto Ijanikin Post Office,3.11854974497481,6.49633915193039
104,7181766a-4a82-435f-9ccb-80ba46750a83,782,2/27/2019 12:00:00 AM,racheal.olarewaju, ,Freeman / Glover,LASLMD09,Lagos Mainland,25019,Lagos,LA,GRID,Nipost Ebute Meta,3.38059870206848,6.4882983899588
105,5940056d-6129-4fce-a598-17b60787d03f,783,2/27/2019 12:00:00 AM,racheal.olarewaju, ,Egbe-Liasu,LASAMO20,Alimosho,25003,Lagos,LA,GRID,Nipost Ikotun,3.26926664194201,6.55151485812428
106,d3ec1a04-db4b-4da1-90ed-a702e72865e8,784,2/27/2019 12:00:00 AM,racheal.olarewaju, ,Aga / Ijomu,LASIKU02,Ikorodu,25012,Lagos,LA,GRID,Igbogbo Post Office,3.52318019870728,6.59317180873205
107,d7055750-83ac-4a44-a0d1-9af5bd9e2f3f,785,2/27/2019 12:00:00 AM,racheal.olarewaju, ,Gbaja Obele-Odan,LASSUE10,Surulere,25018,Lagos,LA,GRID,Nigerian Postal Services Surulere,3.35927531230584,6.50330553881963
108,6f354fce-89b2-4caa-abf2-c56d77c7c22a,786,2/27/2019 12:00:00 AM,racheal.olarewaju, ,Araromi Odo,LASLID04,Lagos Island,25020,Lagos,LA,GRID,Nigeria Post Office,3.40434214767203,6.44752115707581
109,ff25e669-ccd5-4712-b96d-7af890c97d2d,787,2/27/2019 12:00:00 AM,racheal.olarewaju, ,Onike / Oyadiran,LASLMD15,Lagos Mainland,25019,Lagos,LA,GRID,Yaba Post Office,3.37832991579302,6.50621785477023
110,1dff9f8d-ecb1-4c21-a7a5-fa6f9db8251c,788,2/27/2019 12:00:00 AM,racheal.olarewaju, ,Ilogbo- Elegba,LASOJO07,Ojo,25015,Lagos,LA,GRID,Imude Modern Post Office,3.1194181339398,6.46176373021206
111,5b9ee97d-3d8b-428d-b950-d075cc179235,789,2/27/2019 12:00:00 AM,racheal.olarewaju, ,Airways,LASSUE03,Surulere,25018,Lagos,LA,GRID,Nigerian Postal Service Ijeshatado,3.32679166690195,6.48752477334966
112,65c0e49d-d3fb-4c26-b113-bc5f78a381f5,790,2/27/2019 12:00:00 AM,racheal.olarewaju, ,Sango,LASAGG13,Agege,25001,Lagos,LA,GRID,Nigerian Postal Service 3,3.32403915508297,6.6236789259417
113,141db5fe-1392-4e80-ade7-397a985cbf2a,791,2/27/2019 12:00:00 AM,racheal.olarewaju, ,Okepopo East,LASLID16,Lagos Island,25020,Lagos,LA,GRID,Anikantamo Post Office,3.39420449224355,6.45802378616884
114,26d0fff9-a98d-4d5b-a542-bd8f28cd475c,792,2/27/2019 12:00:00 AM,racheal.olarewaju, ,Ubiaja 1,EDSUBJ04,Esan South-East,12005,Edo,ED,GRID,Nipost Post Office Ubiaja,6.38702386825696,6.64683185870337
115,7f53dbd4-4577-4d12-a77d-ee761438cbcc,795,2/27/2019 12:00:00 AM,najib.adam, ,Igbesa,OGSADO08,Ado Odo/Ota,28003,Ogun,OG,GRID,The Nigerian Police Station,3.12914666708508,6.53727833292879
116,69a51d54-12c1-4041-9c0d-e9163d999df8,796,2/27/2019 12:00:00 AM,najib.adam, ,Obafemi,OGSOBE09,Obafemi Owode,28015,Ogun,OG,GRID,Owojo River,3.66387500043095,7.12821833300973
117,d087dfc9-e64e-4e4f-aa59-8c79ba0ab6dc,797,2/27/2019 12:00:00 AM,najib.adam, ,Igbile,OGSOGU04,Odogbolu,28017,Ogun,OG,GRID,General Post Office Omu Ijebu,3.86105484300663,6.69067007986035
118,6e314bf1-a32b-452d-a1ca-6c5ad73167c7,798,2/27/2019 12:00:00 AM,najib.adam, ,Odeda,OGSODA07,Odeda,28016,Ogun,OG,GRID,Odeda Post Office,3.52238260797105,7.23239567202268
119,6290192e-7673-4f86-a9f8-bd0172ca093a,800,2/27/2019 12:00:00 AM,najib.adam, ,Ogbere,OGSIUU10,Ijebu East,28008,Ogun,OG,GRID,Ratcon Road Police Station,4.13802189989082,6.77282620016905
120,7f8ce478-e277-45c0-bf9b-4b02478dbed2,801,2/27/2019 12:00:00 AM,najib.adam, ,Oru / Awa,OGSIUN10,Ijebu North,28009,Ogun,OG,GRID,Awa Ijebu Post Office,3.93700689575167,6.96168786870021
121,e5d3ef4f-79d3-4263-adba-2330332e4760,802,2/27/2019 12:00:00 AM,adanna.alex, ,Ugirike,IMSKED13,Ikeduru,17008,Imo,IM,GRID,Postal Agency Ugirike,7.2154999999251,5.56763333271221
122,2e1c3069-c578-45d2-8a12-bdf282d967a4,803,2/27/2019 12:00:00 AM,adanna.alex, ,Uzii / Umualoma,IMSURU19,Ideato North,17005,Imo,IM,GRID,Uzii Postal Agency,7.11688666658642,5.89515166671612
123,812e1e36-4cea-4479-83bf-31c69663575f,804,2/27/2019 12:00:00 AM,adanna.alex, ,Egbema A,IMSEBM03,Ohaji/Egbema,17018,Imo,IM,GRID,Egbema Post Office,6.74362166730617,5.50759999964032
124,a3e5116c-70a7-4d3c-bb77-65642fc66f01,805,2/27/2019 12:00:00 AM,adanna.alex, ,Akata 1,IMSMGD01,Oru East,17022,Imo,IM,GRID,Akatta Post Office,6.95544333344316,5.78888999957388
125,620b518a-2f29-408b-bb16-ca94061ed433,806,2/27/2019 12:00:00 AM,adanna.alex, ,Ahiato,IMSABB01,Aboh-Mbaise,17001,Imo,IM,GRID,Umuoda Postal Agency,7.21723833278287,5.48914666668537
126,b0d568b3-bfb6-4a88-a076-0f87f6461333,807,2/27/2019 12:00:00 AM,adanna.alex, ,Osu-Owerre 1,IMSUML12,Isiala Mbano,17009,Imo,IM,GRID,Post Office Umuduru Umuelemai,7.24362166720624,5.68707666705461
127,6a576b2d-85ec-4961-b36e-356565ae7ea8,678,2/27/2019 12:00:00 AM,racheal.olarewaju, ,Okpoto,EBSZLL26,Ishielu,11008,Ebonyi,EB,GRID,Okwekwe Post,7.87590500001579,6.35937499975648
128,21833196-392b-46c7-bc10-8bca4b4b7cfa,679,2/27/2019 12:00:00 AM,racheal.olarewaju, ,Okpoto,EBSZLL26,Ishielu,11008,Ebonyi,EB,GRID,Ladoke Post,7.8747816667406,6.35979000000856
129,ae8dcad9-3849-4291-9460-5654de2a8be8,681,2/27/2019 12:00:00 AM,racheal.olarewaju, ,Okpoto,EBSZLL26,Ishielu,11008,Ebonyi,EB,GRID,Community Secondary School Okpoto Post,7.86485333301493,6.3632633328366
130,10517abe-a6e2-45cc-8719-d53937008073,682,2/27/2019 12:00:00 AM,racheal.olarewaju, ,Okpoto,EBSZLL26,Ishielu,11008,Ebonyi,EB,GRID,Ogede Post,7.8750433325838,6.37444000020588
131,183027c8-5885-46cb-8ad1-1d83208f0c8d,683,2/27/2019 12:00:00 AM,racheal.olarewaju, ,Okpoto,EBSZLL26,Ishielu,11008,Ebonyi,EB,GRID,Logburegbe Post,7.87379833272695,6.37350666669937
132,8e69ad22-1001-47ed-ad5e-e215c380400e,684,2/27/2019 12:00:00 AM,racheal.olarewaju, ,Okpoto,EBSZLL26,Ishielu,11008,Ebonyi,EB,GRID,Primary School Post,7.86761333258926,6.36655666725642
133,6fd9a8b2-a4f2-4143-a8f2-2eccc8353ca9,685,2/27/2019 12:00:00 AM,racheal.olarewaju, ,Okpoto,EBSZLL26,Ishielu,11008,Ebonyi,EB,GRID,Ndieze l Post,7.86705666663192,6.36604666712003
134,dc0e8732-3057-4934-aa0c-f216ad18c7ef,808,2/27/2019 12:00:00 AM,adanna.alex, ,Amandugba 2,IMSUMD02,Isu,17010,Imo,IM,GRID,Uloano Amandugba Post Office,7.05158333330422,5.66339166659219
135,9f780cce-dca9-44ec-87a4-e244e74b4b45,809,2/27/2019 12:00:00 AM,adanna.alex, ,Okpofe,IMSETU11,Ezinihitte,17004,Imo,IM,GRID,Okpofe Post Office,7.30439500022914,5.47727499964157
136,3ec5264b-082a-498a-ab43-bbf7d8b5828b,810,2/27/2019 12:00:00 AM,adanna.alex, ,Iheme 2,IMSURU04,Ideato North,17005,Imo,IM,GRID,Umualaoma Postal Agency,7.18253000025936,5.90141166671509
137,4cbe424b-2895-4338-ac44-4d948aefd7ee,812,2/27/2019 12:00:00 AM,adanna.alex, ,Okirika-Nweke 1,IMSAFR11,Ahiazu-Mbaise,17002,Imo,IM,GRID,Ahiazu Post Office,7.2711633329215,5.55016833310214
138,6681546d-5b6d-460b-b100-ace97f928ec8,814,2/27/2019 12:00:00 AM,adanna.alex, ,Umukor,IMSNKR11,Nkwerre,17014,Imo,IM,GRID,Nkwerre Post Office,7.08532333340514,5.76141000037126
139,91b8864b-6eec-4028-ac0b-8e9a8b4970b6,815,2/27/2019 12:00:00 AM,adanna.alex, ,Kaboji,NISMSG03,Mashegu,27016,Niger,NI,GRID,Nipost,5.40089829961687,10.1073650002946
140,c3e5b2e6-9867-4f59-8fd9-aa654d780ce7,816,2/27/2019 12:00:00 AM,adanna.alex, ,Mashegu,NISMSG08,Mashegu,27016,Niger,NI,GRID,ASP Kabiru Audu Post Office,5.63120166692346,9.81488166675558
141,7886f9e3-c8cb-44aa-a3d0-33ac7c021c92,817,2/27/2019 12:00:00 AM,adanna.alex, ,Essa,NISKHA06,Katcha,27010,Niger,NI,GRID,Ebba Post Office,6.26687833336842,9.21438500026761
142,3281b09f-a1bc-403a-b10d-a5090ceeea4c,818,2/27/2019 12:00:00 AM,adanna.alex, ,Affa / Oghu,ENSUDD03,Udi,14016,Enugu,EN,GRID,Affa Post Office,7.32297857480143,6.60133217963642
143,48bff054-873d-4edd-918b-0865d197db81,819,2/27/2019 12:00:00 AM,racheal.olarewaju, ,Nkalaha,EBSZLL18,Ishielu,11008,Ebonyi,EB,GRID,Ndiagu Ogba Post,7.81110666663938,6.58478500022761
144,bbad2389-fc73-43e3-9d2a-d68bc31ba6f0,820,2/27/2019 12:00:00 AM,racheal.olarewaju, ,Nkalaha,EBSZLL18,Ishielu,11008,Ebonyi,EB,GRID,Amokwe Post,7.81090833285333,6.58477499976647
145,acf4d99d-cdbf-4f7e-8af3-c94493fa6001,821,2/27/2019 12:00:00 AM,racheal.olarewaju, ,Nkalaha,EBSZLL18,Ishielu,11008,Ebonyi,EB,GRID,Health Centre Post,7.81012333262572,6.59424500030656
146,41c3e0a0-31ef-4f78-b7fd-d93da5943894,822,2/27/2019 12:00:00 AM,racheal.olarewaju, ,Nnoyo Ward,EBSCHR27,Ikwo,11007,Ebonyi,EB,GRID,Bridge Post,8.24416000028384,6.16995999995407
147,dadc87d1-31b3-46e0-997a-fd4b9a77b22c,824,2/27/2019 12:00:00 AM,racheal.olarewaju, ,Enyigba / Amagu Armyland,EBSAKL13,Abakaliki,11001,Ebonyi,EB,GRID,Bridge Post,8.03698499985791,6.20243833306267
148,cf6148ee-9e8f-4b0d-9c36-22088a6b8ddc,825,2/27/2019 12:00:00 AM,racheal.olarewaju, ,Mgbom Okposi / Obioha,EBSBZR08,Ohaozara,11011,Ebonyi,EB,GRID,Enu Akwa Post Office,7.82115666694665,6.03412499966907
149,1df7821c-8121-4358-aa7a-a4431db0ca9a,826,2/27/2019 12:00:00 AM,racheal.olarewaju, ,Amaezu / Amaelu,EBSZLL03,Ishielu,11008,Ebonyi,EB,GRID,Niger cem Administration office,7.7818233333802,6.55070499973601
150,7695292e-2b2b-47de-a850-2f353d3a961e,827,2/27/2019 12:00:00 AM,racheal.olarewaju, ,Nkalagu / Nkalagu 2,EBSZLL16,Ishielu,11008,Ebonyi,EB,GRID,Azuedemugu village post,7.77368500036255,6.5005983330467
151,ec969a0d-36a6-477c-b415-061e495a7f81,828,2/27/2019 12:00:00 AM,racheal.olarewaju, ,Obalufon / Anlugbua,OSSADE05,Ayedade,30001,Osun,OS,GRID,Orile Owu Post Office,4.32317333258328,7.25365333303495
152,08d037d3-35f5-4f55-9460-33eeebe3fa21,830,2/27/2019 12:00:00 AM,racheal.olarewaju, ,Ifelodun,OSSAMW02,Atakunmosa West,30004,Osun,OS,GRID,Iwara Post Office,4.72408999995361,7.5320233332103
153,c1cad522-261a-4401-b603-471e764c1675,686,2/27/2019 12:00:00 AM,racheal.olarewaju, ,Okpoto,EBSZLL26,Ishielu,11008,Ebonyi,EB,GRID,Amagu Village Ndieze Ll Okpoto Post,7.86670500023564,6.3842783333784
154,e029a3b5-4c1c-481a-ac7e-b171f5660413,687,2/27/2019 12:00:00 AM,racheal.olarewaju, ,Okpoto,EBSZLL26,Ishielu,11008,Ebonyi,EB,GRID,Ndieze Ll Okpoto Post,7.86675333339969,6.38480666709404
155,029c4a9e-2091-477d-b911-5003464385d7,688,2/27/2019 12:00:00 AM,racheal.olarewaju, ,Amagu / Ihie / Akanu / Amanta,EBSSKA04,Ivo,11009,Ebonyi,EB,GRID,Post Office Ndionovo,7.55922000010298,5.95013330011176
156,f53fdffd-834d-4e83-b08e-9f0b50e66dc1,690,2/27/2019 12:00:00 AM,racheal.olarewaju, ,Abina,EBSCHR01,Ikwo,11007,Ebonyi,EB,GRID,Abina Postal Agency,8.11910499979598,6.02693333260726
157,d34692f6-ad30-4ed7-a622-81b9e1caf222,691,2/27/2019 12:00:00 AM,racheal.olarewaju, ,Ezillo 2,EBSZLL08,Ishielu,11008,Ebonyi,EB,GRID,Independent National Electoral Commission Post,7.82785166722073,6.41763666659892
158,2dc0b593-2826-4eb4-b2ff-6a1180fa60dc,833,2/27/2019 12:00:00 AM,racheal.olarewaju, ,Amorie,ABSUNC02,Umu-Nneochi,1015,Abia,AB,GRID,Old Post Office,7.38804499967705,5.97157500018614
159,b7f596dc-a4fc-413a-b0fb-5fde97c0f225,834,2/27/2019 12:00:00 AM,racheal.olarewaju, ,Industrial,ABSEZA05,Aba North,1001,Abia,AB,GRID,General Post Office Aba,7.37095166738561,5.11181999989316
160,8001c56e-5900-463b-9860-8b02a18bccfd,836,2/27/2019 12:00:00 AM,racheal.olarewaju, ,Oraye 2,EKSIEN07,Ise/Orun,13014,Ekiti,EK,GRID,Ise Post Office,5.42341138093053,7.46469666741734
161,6afe3cc5-6ef3-4467-8a96-6660b337bf5c,837,2/27/2019 12:00:00 AM,racheal.olarewaju, ,Kuyanbana,PLSWAS11,Wase,32017,Plateau,PL,GRID,General Post Office Kuyanbana,9.95331049708182,9.08546022061273
162,ab47d541-616a-4445-aad4-d26751af56bf,838,2/27/2019 12:00:00 AM,racheal.olarewaju, ,Ijugbe / Amola,OSSADE04,Ayedade,30001,Osun,OS,GRID,Ode Omu Post Office,4.39793500039997,7.54616999994556
163,6293a1f6-1968-4e8e-a6ab-48d59abb1af8,839,2/27/2019 12:00:00 AM,racheal.olarewaju, ,Gidigbo 2,OSSIWO02,Iwo,30023,Osun,OS,GRID,Iwo Post Office,4.1786950002741,7.63405333309487
164,43385204-ce5e-48d6-89ff-458a9950284d,840,2/27/2019 12:00:00 AM,racheal.olarewaju, ,Ikeji Ile,OSSOIE07,Oriade,30028,Osun,OS,GRID,Ikeji Ile Post Office,4.92500166659369,7.48545499964854
165,53639ad5-4c8c-488b-8d9f-63ab76529572,842,2/27/2019 12:00:00 AM,racheal.olarewaju, ,Isiala Nsulu / Isiala Amapu,ABSKPU13,Isiala-Ngwa North,1006,Abia,AB,GRID,Osusu Postal Agency,7.38771333330374,5.35706999978072
166,53b00662-98d2-4104-b2ff-c631e29cb3d2,843,2/27/2019 12:00:00 AM,racheal.olarewaju, ,Isiama / Uduma,ABSHAF11,Ohafia,1010,Abia,AB,GRID,Nigerian Postal Service Head Office Ohafia,7.8240516673506,5.66041166676507
167,0ffd619d-aebe-4a2d-bf21-667d80474435,844,2/27/2019 12:00:00 AM,racheal.olarewaju, ,Ikeagha 2,ABSMBL07,Isuikwuato,1008,Abia,AB,GRID,Uturu Post Office,7.43632833318605,5.82834166683449
168,701e81d4-744c-4963-8998-fb50362fca60,845,2/27/2019 12:00:00 AM,racheal.olarewaju, ,Isiama / Uduma,ABSHAF11,Ohafia,1010,Abia,AB,GRID,Nipost Ohafia Branch,7.82894666735484,5.63737333281313
169,74d0ef23-e897-4fec-affd-6f48081c7514,846,2/27/2019 12:00:00 AM,racheal.olarewaju, ,Ire 2,EKSOYE06,Oye,13016,Ekiti,EK,GRID,Ire Post Office,5.39233166717275,7.74187333288808
170,5ef69a8b-dd76-406a-af75-b6d519b6c8d0,847,2/27/2019 12:00:00 AM,racheal.olarewaju, ,Ogbojano,EKSIKR08,Ikere,13010,Ekiti,EK,GRID,Post Office Ikere Ekiti,5.23011499980743,7.48987999956239
171,55280ec5-70bd-4ad0-b8f4-50f5fc5796ce,848,2/27/2019 12:00:00 AM,racheal.olarewaju, ,Ode 3,EKSGBN10,Gbonyin,13007,Ekiti,EK,GRID,Ode Post Office,5.54987350655711,7.64772554809559
172,a377ebf2-a946-4976-9055-73d28f3f5d16,849,2/27/2019 12:00:00 AM,racheal.olarewaju, ,Otun 1,EKSMBA09,Moba,13015,Ekiti,EK,GRID,Otun Nipost Office,5.12130333288258,7.9884300000445
173,25b13adc-3ba1-49e6-ad94-4ea766e46f08,851,2/27/2019 12:00:00 AM,najib.adam, ,Ogere 1,OGSIKE09,Ikenne,28012,Ogun,OG,GRID,Ode Remo Post Office,3.67278379883328,6.96417190860677
174,f264fa83-56dd-482d-bb54-5a565126b2df,853,2/27/2019 12:00:00 AM,najib.adam, ,Okun Owa,OGSOGU14,Odogbolu,28017,Ogun,OG,GRID,Odogbolu Post Office,3.76905166700089,6.84718999981868
175,9a01695d-bb5f-49a0-86d3-513874309449,854,2/27/2019 12:00:00 AM,najib.adam, ,Ilisan 2,OGSIKE04,Ikenne,28012,Ogun,OG,GRID,Ikenne Post Office,3.70481626875585,6.87225003581057
176,f6bc7523-9568-4efd-bac8-0be62546652d,856,2/27/2019 12:00:00 AM,adanna.alex, ,Odenkume,IMSTTK07,Obowo,17016,Imo,IM,GRID,Ikenazizi Post Office,7.31948833292029,5.5748966667478
177,1f7700fb-aca2-459e-98e7-c81f37f24edd,857,2/27/2019 12:00:00 AM,adanna.alex, ,Ikperejere,IMSIHI09,Ihitte/Uboma,17007,Imo,IM,GRID,Isinweke Post Office,7.35655333257029,5.62139000044823
178,9e94047a-3e84-4848-91a3-2f2dfb3beefb,858,2/27/2019 12:00:00 AM,adanna.alex, ,Umucheke 1 and 2,IMSKWE13,Onuimo,17027,Imo,IM,GRID,Umunna Postal Agency,7.25225666701164,5.76815000002256
179,8654588d-e5da-4663-9ad7-45195bf88bc6,692,2/27/2019 12:00:00 AM,racheal.olarewaju, ,Ezillo 2,EBSZLL08,Ishielu,11008,Ebonyi,EB,GRID,Peace Corps Office Ishielu Headquarters Ezillo Post,7.82601499979245,6.41826333308643
180,ba058a49-138d-47c0-9412-7414ff0713fb,693,2/27/2019 12:00:00 AM,racheal.olarewaju, ,Umuhuali 1 / Umuhuali 2,EBSZLL29,Ishielu,11008,Ebonyi,EB,GRID,Ezza Umuhuali Primary school,7.74346499980993,6.51679333344561
181,084f758e-d5c2-4f44-a737-075d476d8739,859,2/27/2019 12:00:00 AM,racheal.olarewaju, ,Enyigba / Amagu Armyland,EBSAKL13,Abakaliki,11001,Ebonyi,EB,GRID,Onueke Post Office,8.04009169977218,6.17474000005103
182,f3272f2b-976f-42bd-9bd2-a9ee30218233,860,2/27/2019 12:00:00 AM,racheal.olarewaju, ,Uwana A and B,EBSAFK36,Afikpo North,11002,Ebonyi,EB,GRID,Unwana Post Office,7.93525833320558,5.80127999987212
183,7e306d7e-8f10-4473-9df5-12f08415b0fc,861,2/27/2019 12:00:00 AM,racheal.olarewaju, ,Umuobuna,EBSBZR23,Ohaozara,11011,Ebonyi,EB,GRID,Central School Uburu Post,7.75584166675958,6.04551333327373
184,0f66343b-b082-4a32-a335-5558c2c28d70,862,2/27/2019 12:00:00 AM,racheal.olarewaju, ,Umuobuna,EBSBZR23,Ohaozara,11011,Ebonyi,EB,GRID,Ohaozara Post Office Uburu,7.75559333336571,6.04551166683001
185,dab7e8c0-10b7-43ab-bb0e-3192277d63f4,863,2/27/2019 12:00:00 AM,racheal.olarewaju, ,Ndiokoro / Ndiokoro Ukwu,EBSSKA11,Ivo,11009,Ebonyi,EB,GRID,Post Office Mile 2 Ishiagu,7.54507666715449,5.86863166681803
186,30121188-9f40-4ca2-bf4d-aaf34ebff6db,865,2/27/2019 12:00:00 AM,racheal.olarewaju, ,Ekotedo,OYSINW06,Ibadan North West,31008,Oyo,OY,GRID,Nipost,3.87772666665239,7.38872000022786
187,1feedc43-32d6-40ff-bdcf-dcebe2f053b9,866,2/27/2019 12:00:00 AM,racheal.olarewaju, ,Amogudu / Amaogudu Abiriba,ABSHAF07,Ohafia,1010,Abia,AB,GRID,Nigeria Postal Service Ameke Abiriba,7.73718833267549,5.70647666686472
188,b8b09fdb-4745-44f3-b90e-424ebbbaa081,867,2/27/2019 12:00:00 AM,racheal.olarewaju, ,Omoba,ABSMBA14,Isiala-Ngwa South,1007,Abia,AB,GRID,Omoba Post Office,7.41704666707005,5.24358833333497
189,a4a1eeb3-c6fa-4530-af65-0a0511da2f8a,868,2/27/2019 12:00:00 AM,najib.adam, ,Inyi 1,ENSJRV13,Oji-River,14014,Enugu,EN,GRID,Post office Inyi,7.29392500033856,6.12316833325201
190,cfcdf0e9-825f-4ad1-8682-c2c3fb7d2d9c,869,2/27/2019 12:00:00 AM,najib.adam, ,Mgbagbu Owa 2,ENSAGW15,Ezeagu,14006,Enugu,EN,GRID,Ozom Mgbagbuowa Owa Post Office,7.18786940205132,6.39194855038534
191,3d13718c-a419-4ddc-b8d2-f2c7e67cbcdd,870,2/27/2019 12:00:00 AM,najib.adam, ,Akpugo 2,ENSAGN13,Nkanu West,14012,Enugu,EN,GRID,Agbani Post Office,7.54642887429316,6.31079783255399
192,138ac7bc-768b-4306-875f-eeb383a94b13,871,2/27/2019 12:00:00 AM,najib.adam, ,Ogui Township,ENSENU05,Enugu North,14004,Enugu,EN,GRID,Nigerian Postal Service General Mail Office Enugu,7.49425501066025,6.44152012855113
193,1a5d2138-beb2-4700-b8a4-eaf6796dad0f,873,2/27/2019 12:00:00 AM,najib.adam, ,Aku 3,ENSGBO13,Igbo-Etiti,14007,Enugu,EN,GRID,Post Office Aku,7.33240833337794,6.70217833266395
194,ee9b11a9-973c-4bae-8d12-07085fd55bc9,874,2/27/2019 12:00:00 AM,najib.adam, ,Owerre Umuoyo,ENSNSK09,Nsukka,14013,Enugu,EN,GRID,General Post Office Nsukka,7.3920366666589,6.85452499992886
195,23516074-553f-491a-bf1d-627d2244317e,875,2/27/2019 12:00:00 AM,najib.adam, ,Mgbidi / Mmaku,ENSAWG08,Awgu,14002,Enugu,EN,GRID,Nigeria Postal Service,7.47513833326752,6.08406833328701
196,1ea9b475-79e2-4d8e-b983-a4257760a791,876,2/27/2019 12:00:00 AM,adanna.alex, ,Onicha 1,IMSETU12,Ezinihitte,17004,Imo,IM,GRID,Obizi Post Office,7.34796666682826,5.50592333329524
197,6b6ad3b9-3e56-49af-a1f5-6db642ee23b1,877,2/27/2019 12:00:00 AM,adanna.alex, ,Ikperejere,IMSIHI09,Ihitte/Uboma,17007,Imo,IM,GRID,Abueke Post Office,7.40147500027109,5.62622666682728
198,73347b33-a946-428a-9e12-a507f2b4bd0e,878,2/27/2019 12:00:00 AM,adanna.alex, ,Ife,IMSETU06,Ezinihitte,17004,Imo,IM,GRID,Itu Post Office,7.33179000000854,5.46379333299598
199,0a7172ee-b34e-4720-9383-71ed49c03b4b,879,2/27/2019 12:00:00 AM,adanna.alex, ,Iheme 1,IMSURU03,Ideato North,17005,Imo,IM,GRID,Umudike Post Office,7.15572666715201,5.85535666707659
200,c844e1b3-f528-4776-b91f-d97ebadc2fb7,880,2/27/2019 12:00:00 AM,adanna.alex, ,Mgbidi 3 and 4,IMSNGB06,Oru West,17023,Imo,IM,GRID,Mgbidi Post Office,6.89605000020737,5.72662666708709
201,6dcae1eb-7571-4cc0-b154-b28015c1ce53,881,2/27/2019 12:00:00 AM,adanna.alex, ,Okwuabala,IMSRLU11,Orlu,17020,Imo,IM,GRID,Nigeria Postal Service Orlu,7.0344033333472,5.79932999987966
202,e8f219a9-931d-436e-9345-48f5c6477368,882,2/27/2019 12:00:00 AM,adanna.alex, ,Umumba-Ndiuno,ENSAGW17,Ezeagu,14006,Enugu,EN,GRID,Isigwu Umana Post Office,7.31854871315267,6.34149713758291
203,6a54c787-a910-471f-b542-876e45f4cff6,883,2/27/2019 12:00:00 AM,adanna.alex, ,Aguobu Umumba / Umumba Ndiagu,ENSAGW01,Ezeagu,14006,Enugu,EN,GRID,Aguobu Umumba Post Office,7.22180166731317,6.32648166729518
204,1223b6a0-8811-47de-84c3-950cf9a2d7e4,884,2/27/2019 12:00:00 AM,adanna.alex, ,Oji River 2,ENSJRV05,Oji-River,14014,Enugu,EN,GRID,Nigeria Postal Service Oji River,7.27098333271471,6.25187166744354
205,12b5952d-244f-47b7-9e06-0ef1676aa0b6,885,2/27/2019 12:00:00 AM,racheal.olarewaju, ,Umuhuali 1 / Umuhuali 2,EBSZLL29,Ishielu,11008,Ebonyi,EB,GRID,Ebiaji Post,7.77161500023215,6.50597333270321
206,c39cabfd-e4e1-4196-995a-ca268f66a313,886,2/27/2019 12:00:00 AM,racheal.olarewaju, ,Isia,OYSKAA08,Kajola,31019,Oyo,OY,GRID,Ayetoro Post Office,3.33977500031608,8.04670000000505
207,c6ec3196-9aa2-4882-9ae9-1d5640e13ba8,887,2/27/2019 12:00:00 AM,racheal.olarewaju, ,Aba Town Hall,ABSABA02,Aba South,1002,Abia,AB,GRID,Ngwa Road Post Office,7.37290166737807,5.10008833301021
208,805c2134-a5a5-4e8b-9aa2-88c459708ab3,890,2/27/2019 12:00:00 AM,racheal.olarewaju, ,Agbowo,OYSIBN01,Ibadan North,31006,Oyo,OY,GRID,Bodija Police Sation,3.9140466670201,7.43463000037428
209,3e6eca0a-3386-43cc-80a5-7b07bb15d8b7,891,2/27/2019 12:00:00 AM,racheal.olarewaju, ,Agbowo,OYSIBN01,Ibadan North,31006,Oyo,OY,GRID,Railway Police Post,3.91453499979048,7.43183666742829
210,fd304cfc-680d-4039-9743-ab0209153bec,898,2/27/2019 12:00:00 AM,racheal.olarewaju, ,Otoruwa 1,EDSRRU03,Esan Central,12004,Edo,ED,GRID,Nipost,6.21763992614171,6.74002836401786
211,0ee14410-e1b8-465c-ac09-e3edb701ad09,899,2/27/2019 12:00:00 AM,racheal.olarewaju, ,Yakoyo,OSSINH10,Ife North,30013,Osun,OS,GRID,Ipetumodu Post Office,4.43820999969176,7.51687499978146
212,f9650ab9-39ee-415e-b834-2ad972091f2b,900,2/27/2019 12:00:00 AM,racheal.olarewaju, ,Moro,OSSINH07,Ife North,30013,Osun,OS,GRID,Moro Post Office,4.4540699999306,7.53278499962806
213,3449214b-9816-440e-bfce-ee2e7bbec176,901,2/27/2019 12:00:00 AM,racheal.olarewaju, ,Moro,OSSINH07,Ife North,30013,Osun,OS,GRID,Edunabon Post Office,4.45469499997432,7.546253332925
214,89ea879f-b6cc-4694-99d7-44ebb1ac687b,902,2/27/2019 12:00:00 AM,racheal.olarewaju, ,Okerewe 2,OSSIET08,Ife East,30012,Osun,OS,GRID,Post Office Gospel Faith Mission Road,4.59591500037703,7.41238999999854
215,69784ab0-11e6-4cd3-a962-3a23430c2e89,903,2/27/2019 12:00:00 AM,tosin.williams, ,Ndufu Echara Urban,EBSCHR22,Ikwo,11007,Ebonyi,EB,GRID,ICT Post,8.14200666737383,6.13373333302695
216,ee323416-9ff1-4cae-b7a1-7c322ede4650,904,2/27/2019 12:00:00 AM,tosin.williams, ,Ijebu Jesa,OSSOIE05,Oriade,30028,Osun,OS,GRID,Iwoye Ijesa Postal Agency,4.81637500010623,7.69063166691797
217,cc0412de-dea2-4373-9ea8-a6d68ac8a5be,905,2/27/2019 12:00:00 AM,tosin.williams, ,Ekajuk 2,CRSGGJ10,Ogoja,9016,Cross River,CR,GRID,Bansara Post Office,8.54519000041824,6.44770330036704
218,979554a5-78ea-4b4a-bec6-58f087b7b53b,906,2/27/2019 12:00:00 AM,tosin.williams, ,Ikpakapit,CRSGEP01,Yakurr,9017,Cross River,CR,GRID,Ugep Post Office,8.0772850003026,5.81580830021295
219,250405bf-2755-4b16-a14b-0f6135aae68c,907,2/27/2019 12:00:00 AM,tosin.williams, ,Afafanyi,CRSTGD08,Abi,9001,Cross River,CR,GRID,Usumutong Post Office,8.0026949995746,5.83425670038645
220,71b1cfb4-0db8-4b99-a23f-1f36185bb8ee,908,2/27/2019 12:00:00 AM,tosin.williams, ,Ijebu Jesa,OSSOIE05,Oriade,30028,Osun,OS,GRID,Nigerian Postal Service Ijebu Jesa,4.81877333282313,7.68310000036479
221,c0ac4e56-d184-44c2-a30d-d781eacf3b21,909,2/27/2019 12:00:00 AM,tosin.williams, ,Udo Na Obokwu / Udo-Na-Obizi,IMSETU16,Ezinihitte,17004,Imo,IM,GRID,Udo Town Postal Service,7.37008666706606,5.50837999963733
222,8e81b457-d9a2-4b07-9081-2f7662d4d612,910,2/27/2019 12:00:00 AM,tosin.williams, ,Udo Na Obokwu / Udo-Na-Obizi,IMSETU16,Ezinihitte,17004,Imo,IM,GRID,Udo Post Office Central,7.37259833324651,5.51281333266923
223,215f6947-4bc4-4bb1-ad7e-c2f0723a624d,911,2/27/2019 12:00:00 AM,tosin.williams, ,Nsurakpa,EBSHKW19,Ohaukwu,11012,Ebonyi,EB,GRID,Former Post Office,7.94042833330099,6.3977066666294
224,e428ad08-f835-4f39-89d5-e878796e705a,912,2/27/2019 12:00:00 AM,tosin.williams, ,Usi,EKSIDO11,Ido-Osi,13008,Ekiti,EK,GRID,Ido Post Office,5.18216050790119,7.84579828706137
225,5681cc99-9989-412d-a551-8c5506f502e5,913,2/27/2019 12:00:00 AM,tosin.williams, ,Onu Asata,ENSENU11,Enugu North,14004,Enugu,EN,GRID,Post Office Zik Avenue Uwani,7.49447392003543,6.43430018320691
